bien_the,so_luot,co_text,hop_cau_truc,avg_conf,ty_le_co_text,ty_le_hop_cau_truc
Ảnh CLAHE,206,198,194,0.9103053069905557,96.11650485436894,94.1747572815534
Ảnh Otsu,206,201,189,0.9046625936204947,97.57281553398059,91.74757281553399
Ảnh gốc,206,202,198,0.9267033188088426,98.05825242718447,96.11650485436894
